<?xml version="1.0" encoding="UTF-8"?>
<project-private xmlns="http://www.netbeans.org/ns/project-private/1">
    <editor-bookmarks xmlns="http://www.netbeans.org/ns/editor-bookmarks/2" lastBookmarkId="0"/>
    <open-files xmlns="http://www.netbeans.org/ns/projectui-open-files/2">
        <group>
            <file>file:/C:/Users/noeja/Documents/NetBeansProjects/appCarrito/src/appcarrito/Carro.java</file>
            <file>file:/C:/Users/noeja/Documents/NetBeansProjects/appCarrito/src/appcarrito/AppCarrito.java</file>
            <file>file:/C:/Users/noeja/Documents/NetBeansProjects/appCarrito/src/appcarrito/Producto.java</file>
            <file>file:/C:/Users/noeja/Documents/NetBeansProjects/appCarrito/src/appcarrito/Cliente.java</file>
            <file>file:/C:/Users/noeja/Documents/NetBeansProjects/appCarrito/src/appcarrito/Item.java</file>
        </group>
    </open-files>
</project-private>
